use crm;

insert into ORGANIZATIONS (ID,NAME)
values (1,'SAN JUSTO');

insert into TYPES (ID,TYPE,SHORT_NAME,DESCRIPTION,ORG_ID)
values (1,'CUSTOMER_TYPE','NORMAL','Cliente normal',1);
insert into TYPES (ID,TYPE,SHORT_NAME,DESCRIPTION,ORG_ID)
values (2,'CUSTOMER_TYPE','REGULAR','Cliente regular',1);
insert into TYPES (ID,TYPE,SHORT_NAME,DESCRIPTION,ORG_ID)
values (3,'CUSTOMER_TYPE','CRITICO','Cliente critico',1);

insert into TYPES (ID,TYPE,SHORT_NAME,DESCRIPTION,ORG_ID)
values (26,'BRANCH_TYPE','NORMAL','Branch normal',1);
insert into TYPES (ID,TYPE,SHORT_NAME,DESCRIPTION,ORG_ID)
values (27,'BRANCH_TYPE','REGULAR','Branch regular',1);
insert into TYPES (ID,TYPE,SHORT_NAME,DESCRIPTION,ORG_ID)
values (28,'BRANCH_TYPE','CRITICO','Branch critico',1);

insert into TYPES (ID,TYPE,SHORT_NAME,DESCRIPTION,ORG_ID)
values (4,'JOB TYPE','DESINSECTACION','Desinsectación',1);
insert into TYPES (ID,TYPE,SHORT_NAME,DESCRIPTION,ORG_ID,PARENT_TYPE)
values (5,'JOB DETAIL TYPE','GEL','Gel',1,4);
insert into TYPES (ID,TYPE,SHORT_NAME,DESCRIPTION,ORG_ID,PARENT_TYPE)
values (6,'JOB DETAIL TYPE','LIQUIDO','Líquido',1,4);
insert into TYPES (ID,TYPE,SHORT_NAME,DESCRIPTION,ORG_ID,PARENT_TYPE)
values (7,'JOB DETAIL TYPE','HUMO','Humo',1,4);

insert into TYPES (ID,TYPE,SHORT_NAME,DESCRIPTION,ORG_ID)
values (8,'JOB TYPE','DESRATIZACION','Desratización',1);
insert into TYPES (ID,TYPE,SHORT_NAME,DESCRIPTION,ORG_ID,PARENT_TYPE)
values (9,'JOB DETAIL TYPE','CEBOS','Cebos',1,8);
insert into TYPES (ID,TYPE,SHORT_NAME,DESCRIPTION,ORG_ID,PARENT_TYPE)
values (10,'JOB DETAIL TYPE','PEGAMENTOSAS','Pegamentosas',1,8);
insert into TYPES (ID,TYPE,SHORT_NAME,DESCRIPTION,ORG_ID,PARENT_TYPE)
values (11,'JOB DETAIL TYPE','TRAMPA','Trampa',1,8);

insert into TYPES (ID,TYPE,SHORT_NAME,DESCRIPTION,ORG_ID)
values (12,'JOB TYPE','DESINFECCION','Desinfección',1);
insert into TYPES (ID,TYPE,SHORT_NAME,DESCRIPTION,ORG_ID,PARENT_TYPE)
values (13,'JOB DETAIL TYPE','ASPERCION','Asperción',1,12);

insert into TYPES (ID,TYPE,SHORT_NAME,DESCRIPTION,ORG_ID)
values (14,'MOTIVES','CERRADO','Cerrado',1);
insert into TYPES (ID,TYPE,SHORT_NAME,DESCRIPTION,ORG_ID)
values (15,'MOTIVES','POSTPUESTO','Cliente Pospuso',1);

insert into TYPES (ID,TYPE,SHORT_NAME,DESCRIPTION,ORG_ID)
values (16,'PLAGUES_CONTROLLED','SI','Si',1);
insert into TYPES (ID,TYPE,SHORT_NAME,DESCRIPTION,ORG_ID)
values (17,'PLAGUES_CONTROLLED','NO','No',1);
insert into TYPES (ID,TYPE,SHORT_NAME,DESCRIPTION,ORG_ID)
values (18,'PLAGUES_CONTROLLED','CRITICO','Crítico',1);

insert into TYPES (ID,TYPE,SHORT_NAME,DESCRIPTION,ORG_ID)
values (19,'PLAGUES','CUCARACHAS','Cucarachas',1);
insert into TYPES (ID,TYPE,SHORT_NAME,DESCRIPTION,ORG_ID)
values (20,'PLAGUES','HORMIGAS','Hormigas',1);

insert into TYPES (ID,TYPE,SHORT_NAME,DESCRIPTION,ORG_ID)
values (21,'SURVEY','REALIZAR CERRAMIENTOS','Realizar Cerramientos',1);
insert into TYPES (ID,TYPE,SHORT_NAME,DESCRIPTION,ORG_ID,PARENT_TYPE)
values (22,'SURVEY','VENTANA','Ventanas',1,21);
insert into TYPES (ID,TYPE,SHORT_NAME,DESCRIPTION,ORG_ID,PARENT_TYPE)
values (23,'SURVEY','BURLETES','Burletes',1,21);
insert into TYPES (ID,TYPE,SHORT_NAME,DESCRIPTION,ORG_ID,PARENT_TYPE)
values (24,'SURVEY','PORTONES','Portones',1,21);

insert into TYPES (ID,TYPE,SHORT_NAME,DESCRIPTION,ORG_ID)
values (25,'PRODUCT_UNIT','ml','mililitros',1);

insert into PRODUCTS (ID,NAME,UNIT,ORG_ID)
values (1,'FIPRONIL 2%',25,1);
insert into PRODUCTS (ID,NAME,UNIT,ORG_ID)
values (2,'CIPERMETRINA 2%',25,1);
insert into PRODUCTS (ID,NAME,UNIT,ORG_ID)
values (3,'PERMETRINA 2%',25,1);

insert into CUSTOMERS (ID,CUSTOMER_NAME,ADDRESS,NEIGHBORHOOD,CITY,PHONE,EMAIL,START_DATE,CUSTOMER_TYPE,ENABLED,ORG_ID)
values (1,'Pablo Vaca','Mza 221 Lote 12','La Estanzuela 2','LA CALERA','1533731837','vacapablo72@gmail.com',current_date(),1,1,1);

insert into BRANCHES (ID,BRANCH_NAME,ADDRESS,NEIGHBORHOOD,CITY,PHONE,CUSTOMER_ID,BRANCH_TYPE,ORG_ID)
values (1,'Branch 1','Mza 221 lote 12','La Estanzuela 2','La Calera','402775',1,1,1);
insert into BRANCHES (ID,BRANCH_NAME,ADDRESS,NEIGHBORHOOD,CITY,PHONE,CUSTOMER_ID,BRANCH_TYPE,ORG_ID)
values (2,'Branch 2','Mza 224 lote 121','La Estanzuela','La Calera','402779',1,1,1);

insert into CONTACTS (ID,FIRST_NAME,LAST_NAME,EMAIL,PHONE,ORG_ID)
values (1,'Contacto','Uno','contacto1@email.com','12345678',1);
insert into CONTACTS (ID,FIRST_NAME,LAST_NAME,EMAIL,PHONE,ORG_ID)
values (2,'Contacto','dos','contacto2@email.com','12345678',1);
insert into CONTACTS (ID,FIRST_NAME,LAST_NAME,EMAIL,PHONE,ORG_ID)
values (3,'Contacto','tres','contacto3@email.com','12345678',1);
insert into CONTACTS (ID,FIRST_NAME,LAST_NAME,EMAIL,PHONE,ORG_ID)
values (4,'Contacto','cuatro','contacto4@email.com','12345678',1);

insert into BRANCHES_CONTACTS (CONTACT_ID,BRANCH_ID)
values (1,1);
insert into BRANCHES_CONTACTS (CONTACT_ID,BRANCH_ID)
values (3,1);
insert into BRANCHES_CONTACTS (CONTACT_ID,BRANCH_ID)
values (2,1);
insert into BRANCHES_CONTACTS (CONTACT_ID,BRANCH_ID)
values (4,1);

insert into USERS (ID,FIRST_NAME,LAST_NAME,EMAIL,ORG_ID,USERNAME,PASSWORD)
values (1,'Pablo','Vaca','vacapablo72@gmail.com',1,'pvaca','1000:4a7a2f5a02edb7b256dd9db4eec7ece1054a3e785d3276fbb4f46b4870837cd964c24a78:53e04ef6893f03a667fd18bc5a9b5fd460b1d4cbe01631e0b8296db12ab68454e48e6a85');

insert into TREATMENTS (ID,TREATMENT_DATE,BRANCH_ID,USER_ID,ORG_ID)
values (1,current_date(),1,1,1);

insert into TREATMENTS_WORKS (ID,TREATMENT_ID,TYPE_WORK)
values (1,1,4);
insert into TREATMENTS_WORKS_DETAILS (ID,WORKS_ID,TYPE_WD)
values (1,1,5);
insert into TREATMENTS_WORKS_DETAILS (ID,WORKS_ID,TYPE_WD)
values (2,1,6);

insert into TREATMENTS_WORKS (ID,TREATMENT_ID,TYPE_WORK)
values (2,1,8);
insert into TREATMENTS_WORKS_DETAILS (ID,WORKS_ID,TYPE_WD)
values (3,2,9);
insert into TREATMENTS_WORKS_DETAILS (ID,WORKS_ID,TYPE_WD)
values (4,2,10);

insert into TREATMENTS_PRODUCTS (ID,TREATMENT_ID,PRODUCT_ID)
values (1,1,1);
insert into TREATMENTS_PRODUCTS (ID,TREATMENT_ID,PRODUCT_ID)
values (2,1,2);

insert into TREATMENT_PLAGUES (ID,TREATMENT_ID,TYPE_PLAGUE,CONTROLLED)
values (1,1,19,16);

insert into TREATMENT_SURVEY (ID,TREATMENT_ID,TYPE_SURVEY,SUBTYPE_SURVEY,CHECKED)
values (1,1,21,22,1);

commit;