CREATE TABLE ORGANIZATIONS (
    ID INT PRIMARY KEY AUTO_INCREMENT,
    NAME VARCHAR(50) NOT NULL,
    ENABLED INT NOT NULL DEFAULT 1,
    CONSTRAINT UK_ORG_NAME UNIQUE (NAME));

CREATE TABLE TYPES (
    ID INT PRIMARY KEY AUTO_INCREMENT,
    TYPE VARCHAR(20) NOT NULL,
    SHORT_NAME VARCHAR(100) NOT NULL,
    DESCRIPTION VARCHAR(2000) NOT NULL,
    ENABLED INT NOT NULL DEFAULT 1,
    PARENT_TYPE INT,
    ORG_ID INT NOT NULL,
    CONSTRAINT UK_TYPE_NAME_TYPES UNIQUE(TYPE,SHORT_NAME),
    CONSTRAINT FK_TYPES_ORG FOREIGN KEY (ORG_ID) REFERENCES ORGANIZATIONS (ID),
    CONSTRAINT FK_TYPES_TYPES FOREIGN KEY (PARENT_TYPE) REFERENCES TYPES (ID));

CREATE TABLE CUSTOMERS (
    ID INT PRIMARY KEY AUTO_INCREMENT,
    CUSTOMER_NAME VARCHAR(200) NOT NULL,
    ADDRESS VARCHAR(500) NOT NULL,
    NEIGHBORHOOD VARCHAR(100) NOT NULL,
    CITY VARCHAR(100) NOT NULL,
    PHONE VARCHAR(20) NOT NULL,
    EMAIL VARCHAR(100),
    START_DATE DATE NOT NULL,
    CUSTOMER_TYPE INT NOT NULL,
    ENABLED INT NOT NULL DEFAULT 1,
    ORG_ID INT NOT NULL,
    CONSTRAINT FK_CT_TYPES FOREIGN KEY (CUSTOMER_TYPE) REFERENCES TYPES (ID),
    CONSTRAINT FK_CUSTOMERS_ORG FOREIGN KEY (ORG_ID) REFERENCES ORGANIZATIONS (ID));

CREATE TABLE BRANCHES (
    ID INT PRIMARY KEY AUTO_INCREMENT,
    BRANCH_NAME VARCHAR(200) NOT NULL,
    ADDRESS VARCHAR(500) NOT NULL,
    NEIGHBORHOOD VARCHAR(100) NOT NULL,
    CITY VARCHAR(100) NOT NULL,
    PHONE VARCHAR(20) NOT NULL,
    START_DATE DATE NOT NULL,
    CUSTOMER_ID INT NOT NULL,
    BRANCH_TYPE INT NOT NULL,
    ENABLED INT NOT NULL DEFAULT 1,
    ORG_ID INT NOT NULL,
    CONSTRAINT FK_BT_TYPES FOREIGN KEY (BRANCH_TYPE) REFERENCES TYPES (ID),
    CONSTRAINT FK_BRANCH_CUSTOMER FOREIGN KEY (CUSTOMER_ID) REFERENCES CUSTOMERS(ID),
    CONSTRAINT FK_BRANCHES_ORG FOREIGN KEY (ORG_ID) REFERENCES ORGANIZATIONS (ID));

CREATE TABLE CONTACTS (
    ID INT PRIMARY KEY AUTO_INCREMENT,
    FIRST_NAME VARCHAR(50) NOT NULL,
    MIDDLE_NAME VARCHAR(50),
    LAST_NAME VARCHAR(50) NOT NULL,
    EMAIL VARCHAR(100) NOT NULL,
    PHONE VARCHAR(20) NOT NULL,
    ENABLED INT NOT NULL DEFAULT 1,
    ORG_ID INT NOT NULL,
    CUSTOMER_ID INT NOT NULL,
    CONSTRAINT UK_CONTACT_EMAIL UNIQUE(EMAIL),
    CONSTRAINT FK_CONTACT_CUSTOMER FOREIGN KEY (CUSTOMER_ID) REFERENCES CUSTOMERS(ID),
    CONSTRAINT FK_CONTACTS_ORG FOREIGN KEY (ORG_ID) REFERENCES ORGANIZATIONS (ID));

CREATE TABLE BRANCHES_CONTACTS (
    ID INT PRIMARY KEY AUTO_INCREMENT,
    CONTACT_ID INT NOT NULL,
    BRANCH_ID INT NOT NULL,
    PRIORITY INT NOT NULL DEFAULT 1,
    ENABLED INT NOT NULL DEFAULT 1,
    CONSTRAINT UK_CONTACT_BRANCH UNIQUE (CONTACT_ID,BRANCH_ID),
    CONSTRAINT FK_BC_CONTACTS FOREIGN KEY (CONTACT_ID) REFERENCES CONTACTS (ID),
    CONSTRAINT FK_BC_BRANCHES FOREIGN KEY (BRANCH_ID) REFERENCES BRANCHES (ID));

CREATE TABLE USERS (
    ID INT PRIMARY KEY AUTO_INCREMENT,
    FIRST_NAME VARCHAR(30) NOT NULL,
    MIDDLE_NAME VARCHAR(30),
    LAST_NAME VARCHAR(30) NOT NULL,
    EMAIL VARCHAR(100) NOT NULL,
    USERNAME VARCHAR(50) NOT NULL,
    PASSWORD VARCHAR(1000),
    ENABLED INT NOT NULL DEFAULT 1,
    ORG_ID INT NOT NULL,
    CONSTRAINT UK_USERS_USERNAME UNIQUE(USERNAME),
    CONSTRAINT UK_USERS_EMAIL UNIQUE(EMAIL),
    CONSTRAINT FK_USERS_ORG FOREIGN KEY (ORG_ID) REFERENCES ORGANIZATIONS (ID));

CREATE TABLE TREATMENTS (
    ID INT PRIMARY KEY AUTO_INCREMENT,
    TREATMENT_DATE DATETIME NOT NULL,
    BRANCH_ID INT NOT NULL,
    USER_ID INT NOT NULL,
    COORDINATED INT NOT NULL DEFAULT 0,
    FINISHED INT NOT NULL DEFAULT 0,
    MOTIVE_TYPE INT,
    CERTIFICATE INT NOT NULL DEFAULT 0,
    COMMENTS VARCHAR(4000),
    ORG_ID INT NOT NULL,
    CONSTRAINT FK_TREATMENTS_BRANCHES FOREIGN KEY (BRANCH_ID) REFERENCES BRANCHES (ID),
    CONSTRAINT FK_TREATMENTS_USERS FOREIGN KEY (USER_ID) REFERENCES USERS(ID),
    CONSTRAINT FK_TREATMENTS_MOTIVE FOREIGN KEY (MOTIVE_TYPE) REFERENCES TYPES (ID),
    CONSTRAINT FK_TREATMENTS_ORG FOREIGN KEY (ORG_ID) REFERENCES ORGANIZATIONS (ID));

CREATE TABLE TREATMENTS_WORKS (
    ID INT PRIMARY KEY AUTO_INCREMENT,
    TREATMENT_ID INT NOT NULL,
    TYPE_WORK INT NOT NULL,
    CONSTRAINT FK_TREATMENTS_WORK_TYPES FOREIGN KEY (TYPE_WORK) REFERENCES TYPES (ID),
    CONSTRAINT FK_TW_TREATMENTS FOREIGN KEY (TREATMENT_ID) REFERENCES TREATMENTS (ID),
    CONSTRAINT UK_TREATMENT_WORKS UNIQUE (TREATMENT_ID,TYPE_WORK));

CREATE TABLE TREATMENTS_WORKS_DETAILS (
    ID INT PRIMARY KEY AUTO_INCREMENT,
    WORKS_ID INT NOT NULL,
    TYPE_WD INT NOT NULL,
    CONSTRAINT FK_TWD_TYPES FOREIGN KEY (TYPE_WD) REFERENCES TYPES (ID),
    CONSTRAINT FK_TWD_WORKS FOREIGN KEY (WORKS_ID) REFERENCES TREATMENTS_WORKS (ID),
    CONSTRAINT UK_TWS UNIQUE (WORKS_ID,TYPE_WD));

CREATE TABLE PRODUCTS (
    ID INT PRIMARY KEY AUTO_INCREMENT,
    NAME VARCHAR(1000)  NOT NULL,
    DESCRIPTION VARCHAR(4000),
    QUANTITY FLOAT NOT NULL DEFAULT 1,
    UNIT INT NOT NULL,
    ORG_ID INT NOT NULL,
    CONSTRAINT FK_PRODUCTS_TYPES FOREIGN KEY (UNIT) REFERENCES TYPES (ID),
    CONSTRAINT FK_PRODUCTS_ORG FOREIGN KEY (ORG_ID) REFERENCES ORGANIZATIONS (ID));

CREATE TABLE TREATMENTS_PRODUCTS (
    ID INT PRIMARY KEY AUTO_INCREMENT,
    TREATMENT_ID INT NOT NULL,
    PRODUCT_ID INT NOT NULL,
    QUANTITY FLOAT NOT NULL DEFAULT 1,
    CONSTRAINT FK_TP_TREATMENTS FOREIGN KEY (TREATMENT_ID) REFERENCES TREATMENTS (ID),
    CONSTRAINT FK_TP_PRODUCTS FOREIGN KEY (PRODUCT_ID) REFERENCES PRODUCTS (ID),
    CONSTRAINT UK_TP UNIQUE (TREATMENT_ID,PRODUCT_ID));

CREATE TABLE TREATMENT_PLAGUES (
    ID INT NOT NULL PRIMARY KEY AUTO_INCREMENT,
    TREATMENT_ID INT NOT NULL,
    TYPE_PLAGUE INT NOT NULL,
    CONTROLLED INT NOT NULL,
    CONSTRAINT FK_TPLAGUE_TREATMENTS FOREIGN KEY (TREATMENT_ID) REFERENCES TREATMENTS (ID),
    CONSTRAINT FK_TPLAGUE_TYPE FOREIGN KEY (TYPE_PLAGUE) REFERENCES TYPES (ID),
    CONSTRAINT FK_TPLAGUE_TYPE_CONTROL FOREIGN KEY (CONTROLLED) REFERENCES TYPES (ID),
    CONSTRAINT UK_TPLAGUE UNIQUE (TREATMENT_ID,TYPE_PLAGUE));

CREATE TABLE TREATMENT_SURVEY (
    ID INT NOT NULL PRIMARY KEY AUTO_INCREMENT,
    TREATMENT_ID INT NOT NULL,
    TYPE_SURVEY INT NOT NULL,
    SUBTYPE_SURVEY INT NOT NULL,
    CHECKED INT,
    CONSTRAINT FK_TSURVEY_TREATMENTS FOREIGN KEY (TREATMENT_ID) REFERENCES TREATMENTS (ID),
    CONSTRAINT FK_TSURVEY_TYPE FOREIGN KEY (TYPE_SURVEY) REFERENCES TYPES (ID),
    CONSTRAINT FK_TSURVEY_SUBTYPE FOREIGN KEY (SUBTYPE_SURVEY) REFERENCES TYPES (ID),
    CONSTRAINT UK_TSURVEY UNIQUE (TREATMENT_ID,TYPE_SURVEY,SUBTYPE_SURVEY));

CREATE TABLE ROLES_USERS (
    ID INT PRIMARY KEY AUTO_INCREMENT,
    USER_ID INT NOT NULL,
    ROLE VARCHAR(20),
    CONSTRAINT UK_ROL_USER UNIQUE (USER_ID,ROLE),
    CONSTRAINT FK_ROL_USER_USERS FOREIGN KEY (USER_ID) REFERENCES USERS (ID));

insert into ORGANIZATIONS (ID,NAME)
values (1,'SAN JUSTO');

insert into TYPES (ID,TYPE,SHORT_NAME,DESCRIPTION,ORG_ID)
values (1,'CUSTOMER_TYPE','NORMAL','Cliente normal',1);
insert into TYPES (ID,TYPE,SHORT_NAME,DESCRIPTION,ORG_ID)
values (2,'CUSTOMER_TYPE','REGULAR','Cliente regular',1);
insert into TYPES (ID,TYPE,SHORT_NAME,DESCRIPTION,ORG_ID)
values (3,'CUSTOMER_TYPE','CRITICO','Cliente critico',1);

insert into TYPES (ID,TYPE,SHORT_NAME,DESCRIPTION,ORG_ID)
values (26,'BRANCH_TYPE','NORMAL','Branch normal',1);
insert into TYPES (ID,TYPE,SHORT_NAME,DESCRIPTION,ORG_ID)
values (27,'BRANCH_TYPE','REGULAR','Branch regular',1);
insert into TYPES (ID,TYPE,SHORT_NAME,DESCRIPTION,ORG_ID)
values (28,'BRANCH_TYPE','CRITICO','Branch critico',1);

insert into TYPES (ID,TYPE,SHORT_NAME,DESCRIPTION,ORG_ID)
values (4,'JOB_TYPE','DESINSECTACION','Desinsectación',1);
insert into TYPES (ID,TYPE,SHORT_NAME,DESCRIPTION,ORG_ID,PARENT_TYPE)
values (5,'JOB_DETAIL_TYPE','GEL','Gel',1,4);
insert into TYPES (ID,TYPE,SHORT_NAME,DESCRIPTION,ORG_ID,PARENT_TYPE)
values (6,'JOB_DETAIL_TYPE','LIQUIDO','Líquido',1,4);
insert into TYPES (ID,TYPE,SHORT_NAME,DESCRIPTION,ORG_ID,PARENT_TYPE)
values (7,'JOB_DETAIL_TYPE','HUMO','Humo',1,4);

insert into TYPES (ID,TYPE,SHORT_NAME,DESCRIPTION,ORG_ID)
values (8,'JOB_TYPE','DESRATIZACION','Desratización',1);
insert into TYPES (ID,TYPE,SHORT_NAME,DESCRIPTION,ORG_ID,PARENT_TYPE)
values (9,'JOB_DETAIL_TYPE','CEBOS','Cebos',1,8);
insert into TYPES (ID,TYPE,SHORT_NAME,DESCRIPTION,ORG_ID,PARENT_TYPE)
values (10,'JOB_DETAIL_TYPE','PEGAMENTOSAS','Pegamentosas',1,8);
insert into TYPES (ID,TYPE,SHORT_NAME,DESCRIPTION,ORG_ID,PARENT_TYPE)
values (11,'JOB_DETAIL_TYPE','TRAMPA','Trampa',1,8);

insert into TYPES (ID,TYPE,SHORT_NAME,DESCRIPTION,ORG_ID)
values (12,'JOB_TYPE','DESINFECCION','Desinfección',1);
insert into TYPES (ID,TYPE,SHORT_NAME,DESCRIPTION,ORG_ID,PARENT_TYPE)
values (13,'JOB_DETAIL_TYPE','ASPERCION','Asperción',1,12);

insert into TYPES (ID,TYPE,SHORT_NAME,DESCRIPTION,ORG_ID)
values (14,'MOTIVES','CERRADO','Cerrado',1);
insert into TYPES (ID,TYPE,SHORT_NAME,DESCRIPTION,ORG_ID)
values (15,'MOTIVES','POSTPUESTO','Cliente Pospuso',1);

insert into TYPES (ID,TYPE,SHORT_NAME,DESCRIPTION,ORG_ID)
values (16,'PLAGUES_CONTROLLED','SI','Si',1);
insert into TYPES (ID,TYPE,SHORT_NAME,DESCRIPTION,ORG_ID)
values (17,'PLAGUES_CONTROLLED','NO','No',1);
insert into TYPES (ID,TYPE,SHORT_NAME,DESCRIPTION,ORG_ID)
values (18,'PLAGUES_CONTROLLED','CRITICO','Crítico',1);

insert into TYPES (ID,TYPE,SHORT_NAME,DESCRIPTION,ORG_ID)
values (19,'PLAGUES','CUCARACHAS','Cucarachas',1);
insert into TYPES (ID,TYPE,SHORT_NAME,DESCRIPTION,ORG_ID)
values (20,'PLAGUES','HORMIGAS','Hormigas',1);

insert into TYPES (ID,TYPE,SHORT_NAME,DESCRIPTION,ORG_ID)
values (21,'SURVEY','REALIZAR CERRAMIENTOS','Realizar Cerramientos',1);
insert into TYPES (ID,TYPE,SHORT_NAME,DESCRIPTION,ORG_ID,PARENT_TYPE)
values (22,'SURVEY','VENTANA','Ventanas',1,21);
insert into TYPES (ID,TYPE,SHORT_NAME,DESCRIPTION,ORG_ID,PARENT_TYPE)
values (23,'SURVEY','BURLETES','Burletes',1,21);
insert into TYPES (ID,TYPE,SHORT_NAME,DESCRIPTION,ORG_ID,PARENT_TYPE)
values (24,'SURVEY','PORTONES','Portones',1,21);

insert into TYPES (ID,TYPE,SHORT_NAME,DESCRIPTION,ORG_ID)
values (25,'PRODUCT_UNIT','ml','mililitros',1);

insert into PRODUCTS (ID,NAME,UNIT,ORG_ID)
values (1,'FIPRONIL 2%',25,1);
insert into PRODUCTS (ID,NAME,UNIT,ORG_ID)
values (2,'CIPERMETRINA 2%',25,1);
insert into PRODUCTS (ID,NAME,UNIT,ORG_ID)
values (3,'PERMETRINA 2%',25,1);

insert into CUSTOMERS (ID,CUSTOMER_NAME,ADDRESS,NEIGHBORHOOD,CITY,PHONE,EMAIL,START_DATE,CUSTOMER_TYPE,ENABLED,ORG_ID)
values (1,'Pablo Vaca','Mza 221 Lote 12','La Estanzuela 2','LA CALERA','1533731837','vacapablo72@gmail.com',current_date(),1,1,1);

insert into BRANCHES (ID,BRANCH_NAME,ADDRESS,NEIGHBORHOOD,CITY,PHONE,CUSTOMER_ID,BRANCH_TYPE,ORG_ID, START_DATE)
values (1,'Branch 1','Mza 221 lote 12','La Estanzuela 2','La Calera','402775',1,1,1,current_date());
insert into BRANCHES (ID,BRANCH_NAME,ADDRESS,NEIGHBORHOOD,CITY,PHONE,CUSTOMER_ID,BRANCH_TYPE,ORG_ID, START_DATE)
values (2,'Branch 2','Mza 224 lote 121','La Estanzuela','La Calera','402779',1,1,1,current_date());

insert into CONTACTS (ID,FIRST_NAME,LAST_NAME,EMAIL,PHONE,ORG_ID,CUSTOMER_ID)
values (1,'Contacto','Uno','contacto1@email.com','12345678',1,1);
insert into CONTACTS (ID,FIRST_NAME,LAST_NAME,EMAIL,PHONE,ORG_ID,CUSTOMER_ID)
values (2,'Contacto','dos','contacto2@email.com','12345678',1,1);
insert into CONTACTS (ID,FIRST_NAME,LAST_NAME,EMAIL,PHONE,ORG_ID,CUSTOMER_ID)
values (3,'Contacto','tres','contacto3@email.com','12345678',1,1);
insert into CONTACTS (ID,FIRST_NAME,LAST_NAME,EMAIL,PHONE,ORG_ID,CUSTOMER_ID)
values (4,'Contacto','cuatro','contacto4@email.com','12345678',1,1);

insert into BRANCHES_CONTACTS (CONTACT_ID,BRANCH_ID)
values (1,1);
insert into BRANCHES_CONTACTS (CONTACT_ID,BRANCH_ID)
values (3,1);
insert into BRANCHES_CONTACTS (CONTACT_ID,BRANCH_ID)
values (2,2);
insert into BRANCHES_CONTACTS (CONTACT_ID,BRANCH_ID)
values (4,2);

insert into USERS (ID,FIRST_NAME,LAST_NAME,EMAIL,ORG_ID,USERNAME,PASSWORD)
values (1,'Pablo','Vaca','vacapablo72@gmail.com',1,'pvaca','1000:4a7a2f5a02edb7b256dd9db4eec7ece1054a3e785d3276fbb4f46b4870837cd964c24a78:53e04ef6893f03a667fd18bc5a9b5fd460b1d4cbe01631e0b8296db12ab68454e48e6a85');

insert into TREATMENTS (ID,TREATMENT_DATE,BRANCH_ID,USER_ID,ORG_ID)
values (1,current_date(),1,1,1);

insert into TREATMENTS_WORKS (ID,TREATMENT_ID,TYPE_WORK)
values (1,1,4);
insert into TREATMENTS_WORKS_DETAILS (ID,WORKS_ID,TYPE_WD)
values (1,1,5);
insert into TREATMENTS_WORKS_DETAILS (ID,WORKS_ID,TYPE_WD)
values (2,1,6);

insert into TREATMENTS_WORKS (ID,TREATMENT_ID,TYPE_WORK)
values (2,1,8);
insert into TREATMENTS_WORKS_DETAILS (ID,WORKS_ID,TYPE_WD)
values (3,2,9);
insert into TREATMENTS_WORKS_DETAILS (ID,WORKS_ID,TYPE_WD)
values (4,2,10);

insert into TREATMENTS_PRODUCTS (ID,TREATMENT_ID,PRODUCT_ID)
values (1,1,1);
insert into TREATMENTS_PRODUCTS (ID,TREATMENT_ID,PRODUCT_ID)
values (2,1,2);

insert into TREATMENT_PLAGUES (ID,TREATMENT_ID,TYPE_PLAGUE,CONTROLLED)
values (1,1,19,16);

insert into TREATMENT_SURVEY (ID,TREATMENT_ID,TYPE_SURVEY,SUBTYPE_SURVEY,CHECKED)
values (1,1,21,22,1);

SELECT @customer2 := MAX(id) + 1 FROM CUSTOMERS;
SET @customer2 = CASE WHEN @customer2 IS NULL THEN 1 ELSE @customer2 END;
SET @customer3 = @customer2 + 1;
SET @customer4 = @customer3 + 1;

SELECT @branch3 := MAX(id) + 1 FROM BRANCHES;
SET @branch3 = CASE WHEN @branch3 IS NULL THEN 1 ELSE @branch3 END;
SET @branch4 = @branch3 + 1;
SET @branch5 = @branch4 + 1;

SELECT @contact5 := MAX(id) + 1 FROM CONTACTS;
SET @contact5 = CASE WHEN @contact5 IS NULL THEN 1 ELSE @contact5 END;
SET @contact6 = @contact5 + 1;
SET @contact7 = @contact6 + 1;

insert into CUSTOMERS (ID,CUSTOMER_NAME,ADDRESS,NEIGHBORHOOD,CITY,PHONE,EMAIL,START_DATE,CUSTOMER_TYPE,ENABLED,ORG_ID)
values (@customer2,'Supermercado ABC','Calle Pública','Alta Córdoba','CORDOBA','12345678','vacapablo72@gmail.com',current_date(),1,1,1);
insert into CUSTOMERS (ID,CUSTOMER_NAME,ADDRESS,NEIGHBORHOOD,CITY,PHONE,EMAIL,START_DATE,CUSTOMER_TYPE,ENABLED,ORG_ID)
values (@customer3,'Ferreteria ABC','Calle Pública','Alta Córdoba','CORDOBA','12345678','vacapablo72@gmail.com',current_date(),1,1,1);
insert into CUSTOMERS (ID,CUSTOMER_NAME,ADDRESS,NEIGHBORHOOD,CITY,PHONE,EMAIL,START_DATE,CUSTOMER_TYPE,ENABLED,ORG_ID)
values (@customer4,'Estación de Servicios ABC','Calle Pública','Alta Córdoba','CORDOBA','12345678','vacapablo72@gmail.com',current_date(),1,1,1);

insert into BRANCHES (ID,BRANCH_NAME,ADDRESS,NEIGHBORHOOD,CITY,PHONE,CUSTOMER_ID,BRANCH_TYPE,ORG_ID, START_DATE)
values (@branch3,'Sucursal A','Calle Pública','Alta Córdoba','CORDOBA','123456',@customer2,1,1,current_date());
insert into BRANCHES (ID,BRANCH_NAME,ADDRESS,NEIGHBORHOOD,CITY,PHONE,CUSTOMER_ID,BRANCH_TYPE,ORG_ID, START_DATE)
values (@branch4,'Sucursal Principal','Calle Pública','Alta Córdoba','CORDOBA','123456',@customer3,1,1,current_date());
insert into BRANCHES (ID,BRANCH_NAME,ADDRESS,NEIGHBORHOOD,CITY,PHONE,CUSTOMER_ID,BRANCH_TYPE,ORG_ID, START_DATE)
values (@branch5,'Estación A','Calle Pública','Alta Córdoba','CORDOBA','123456',@customer4,1,1,current_date());

insert into CONTACTS (ID,FIRST_NAME,LAST_NAME,EMAIL,PHONE,ORG_ID,CUSTOMER_ID)
values (@contact5,'Contacto','Cinco','contacto5@email.com','12345678',1,@customer2);
insert into CONTACTS (ID,FIRST_NAME,LAST_NAME,EMAIL,PHONE,ORG_ID,CUSTOMER_ID)
values (@contact6,'Contacto','Seis','contacto6@email.com','12345678',1,@customer3);
insert into CONTACTS (ID,FIRST_NAME,LAST_NAME,EMAIL,PHONE,ORG_ID,CUSTOMER_ID)
values (@contact7,'Contacto','Siete','contacto7@email.com','12345678',1,@customer4);

insert into BRANCHES_CONTACTS (CONTACT_ID,BRANCH_ID)
values (@contact5,@branch3);
insert into BRANCHES_CONTACTS (CONTACT_ID,BRANCH_ID)
values (@contact6,@branch4);
insert into BRANCHES_CONTACTS (CONTACT_ID,BRANCH_ID)
values (@contact7,@branch5);

SELECT @treatment2 := MAX(id) + 1 FROM TREATMENTS;
SET @treatment2 = CASE WHEN @treatment2 IS NULL THEN 1 ELSE @treatment2 END;
SET @treatment3 = @treatment2 + 1;
SET @treatment4 = @treatment3 + 1;
SET @treatment5 = @treatment4 + 1;
SET @treatment6 = @treatment5 + 1;
SET @treatment7 = @treatment6 + 1;
SET @treatment8 = @treatment7 + 1;
SET @treatment9 = @treatment8 + 1;
SET @treatment10 = @treatment9 + 1;
SET @treatment11 = @treatment10 + 1;
SET @treatment12 = @treatment11 + 1;
SET @treatment13 = @treatment12 + 1;
SET @treatment14 = @treatment13 + 1;
SET @treatment15 = @treatment14 + 1;
SET @treatment16 = @treatment15 + 1;
SET @treatment17 = @treatment16 + 1;
SET @treatment18 = @treatment17 + 1;
SET @treatment19 = @treatment18 + 1;
SET @treatment20 = @treatment19 + 1;
SET @treatment21 = @treatment20 + 1;
SET @treatment22 = @treatment21 + 1;

insert into TREATMENTS (ID,TREATMENT_DATE,BRANCH_ID,USER_ID,ORG_ID) values (@treatment2,current_date(),2,1,1);
insert into TREATMENTS_WORKS (TREATMENT_ID,TYPE_WORK) values (@treatment2,4);
insert into TREATMENTS_WORKS (TREATMENT_ID,TYPE_WORK) values (@treatment2,8);

insert into TREATMENTS (ID,TREATMENT_DATE,BRANCH_ID,USER_ID,ORG_ID) values (@treatment3,current_date(),1,1,1);
insert into TREATMENTS_WORKS (TREATMENT_ID,TYPE_WORK) values (@treatment3,4);
insert into TREATMENTS_WORKS (TREATMENT_ID,TYPE_WORK) values (@treatment3,8);

insert into TREATMENTS (ID,TREATMENT_DATE,BRANCH_ID,USER_ID,ORG_ID) values (@treatment4,current_date(),2,1,1);
insert into TREATMENTS_WORKS (TREATMENT_ID,TYPE_WORK) values (@treatment4,4);
insert into TREATMENTS_WORKS (TREATMENT_ID,TYPE_WORK) values (@treatment4,8);

insert into TREATMENTS (ID,TREATMENT_DATE,BRANCH_ID,USER_ID,ORG_ID) values (@treatment5,current_date(),1,1,1);
insert into TREATMENTS_WORKS (TREATMENT_ID,TYPE_WORK) values (@treatment5,4);
insert into TREATMENTS_WORKS (TREATMENT_ID,TYPE_WORK) values (@treatment5,8);

insert into TREATMENTS (ID,TREATMENT_DATE,BRANCH_ID,USER_ID,ORG_ID) values (@treatment6,current_date(),@branch3,1,1);
insert into TREATMENTS_WORKS (TREATMENT_ID,TYPE_WORK) values (@treatment6,4);
insert into TREATMENTS_WORKS (TREATMENT_ID,TYPE_WORK) values (@treatment6,8);

insert into TREATMENTS (ID,TREATMENT_DATE,BRANCH_ID,USER_ID,ORG_ID) values (@treatment7,current_date(),@branch3,1,1);
insert into TREATMENTS_WORKS (TREATMENT_ID,TYPE_WORK) values (@treatment7,4);
insert into TREATMENTS_WORKS (TREATMENT_ID,TYPE_WORK) values (@treatment7,8);

insert into TREATMENTS (ID,TREATMENT_DATE,BRANCH_ID,USER_ID,ORG_ID) values (@treatment8,current_date(),@branch4,1,1);
insert into TREATMENTS_WORKS (TREATMENT_ID,TYPE_WORK) values (@treatment8,4);
insert into TREATMENTS_WORKS (TREATMENT_ID,TYPE_WORK) values (@treatment8,8);

insert into TREATMENTS (ID,TREATMENT_DATE,BRANCH_ID,USER_ID,ORG_ID) values (@treatment9,current_date(),@branch4,1,1);
insert into TREATMENTS_WORKS (TREATMENT_ID,TYPE_WORK) values (@treatment9,4);
insert into TREATMENTS_WORKS (TREATMENT_ID,TYPE_WORK) values (@treatment9,8);

insert into TREATMENTS (ID,TREATMENT_DATE,BRANCH_ID,USER_ID,ORG_ID) values (@treatment10,current_date(),@branch5,1,1);
insert into TREATMENTS_WORKS (TREATMENT_ID,TYPE_WORK) values (@treatment10,4);
insert into TREATMENTS_WORKS (TREATMENT_ID,TYPE_WORK) values (@treatment10,8);

insert into TREATMENTS (ID,TREATMENT_DATE,BRANCH_ID,USER_ID,ORG_ID) values (@treatment11,current_date(),@branch5,1,1);
insert into TREATMENTS_WORKS (TREATMENT_ID,TYPE_WORK) values (@treatment11,4);
insert into TREATMENTS_WORKS (TREATMENT_ID,TYPE_WORK) values (@treatment11,8);

insert into TREATMENTS (ID,TREATMENT_DATE,BRANCH_ID,USER_ID,ORG_ID) values (@treatment12,current_date(),@branch3,1,1);
insert into TREATMENTS_WORKS (TREATMENT_ID,TYPE_WORK) values (@treatment12,4);
insert into TREATMENTS_WORKS (TREATMENT_ID,TYPE_WORK) values (@treatment12,8);

insert into TREATMENTS (ID,TREATMENT_DATE,BRANCH_ID,USER_ID,ORG_ID) values (@treatment13,current_date(),@branch3,1,1);
insert into TREATMENTS_WORKS (TREATMENT_ID,TYPE_WORK) values (@treatment13,4);
insert into TREATMENTS_WORKS (TREATMENT_ID,TYPE_WORK) values (@treatment13,8);

insert into TREATMENTS (ID,TREATMENT_DATE,BRANCH_ID,USER_ID,ORG_ID) values (@treatment14,current_date(),@branch4,1,1);
insert into TREATMENTS_WORKS (TREATMENT_ID,TYPE_WORK) values (@treatment14,4);
insert into TREATMENTS_WORKS (TREATMENT_ID,TYPE_WORK) values (@treatment14,8);

insert into TREATMENTS (ID,TREATMENT_DATE,BRANCH_ID,USER_ID,ORG_ID) values (@treatment15,current_date(),@branch4,1,1);
insert into TREATMENTS_WORKS (TREATMENT_ID,TYPE_WORK) values (@treatment15,4);
insert into TREATMENTS_WORKS (TREATMENT_ID,TYPE_WORK) values (@treatment15,8);

insert into TREATMENTS (ID,TREATMENT_DATE,BRANCH_ID,USER_ID,ORG_ID) values (@treatment16,current_date(),@branch5,1,1);
insert into TREATMENTS_WORKS (TREATMENT_ID,TYPE_WORK) values (@treatment16,4);
insert into TREATMENTS_WORKS (TREATMENT_ID,TYPE_WORK) values (@treatment16,8);

insert into TREATMENTS (ID,TREATMENT_DATE,BRANCH_ID,USER_ID,ORG_ID) values (@treatment17,current_date(),@branch5,1,1);
insert into TREATMENTS_WORKS (TREATMENT_ID,TYPE_WORK) values (@treatment17,4);
insert into TREATMENTS_WORKS (TREATMENT_ID,TYPE_WORK) values (@treatment17,8);

insert into TREATMENTS (ID,TREATMENT_DATE,BRANCH_ID,USER_ID,ORG_ID) values (@treatment18,current_date(),1,1,1);
insert into TREATMENTS_WORKS (TREATMENT_ID,TYPE_WORK) values (@treatment18,4);
insert into TREATMENTS_WORKS (TREATMENT_ID,TYPE_WORK) values (@treatment18,8);

insert into TREATMENTS (ID,TREATMENT_DATE,BRANCH_ID,USER_ID,ORG_ID) values (@treatment19,current_date(),1,1,1);
insert into TREATMENTS_WORKS (TREATMENT_ID,TYPE_WORK) values (@treatment19,4);
insert into TREATMENTS_WORKS (TREATMENT_ID,TYPE_WORK) values (@treatment19,8);

insert into TREATMENTS (ID,TREATMENT_DATE,BRANCH_ID,USER_ID,ORG_ID) values (@treatment20,current_date(),@branch3,1,1);
insert into TREATMENTS_WORKS (TREATMENT_ID,TYPE_WORK) values (@treatment20,4);
insert into TREATMENTS_WORKS (TREATMENT_ID,TYPE_WORK) values (@treatment20,8);

insert into TREATMENTS (ID,TREATMENT_DATE,BRANCH_ID,USER_ID,ORG_ID) values (@treatment21,current_date(),@branch3,1,1);
insert into TREATMENTS_WORKS (TREATMENT_ID,TYPE_WORK) values (@treatment21,4);
insert into TREATMENTS_WORKS (TREATMENT_ID,TYPE_WORK) values (@treatment21,8);

insert into TREATMENTS (ID,TREATMENT_DATE,BRANCH_ID,USER_ID,ORG_ID) values (@treatment22,current_date(),@branch4,1,1);
insert into TREATMENTS_WORKS (TREATMENT_ID,TYPE_WORK) values (@treatment22,4);
insert into TREATMENTS_WORKS (TREATMENT_ID,TYPE_WORK) values (@treatment22,8);

commit;